id;label
1;#nationalvoterregistrationday
2;#voterregistrationday
3;#makeamericagreatagain
4;#maga
5;#imwithyou
6;#lovetrumpshate
7;#strongertogether
8;#debates2016
9;#shewon
10;#iregistered
11;#shewon
12;#americafirst
13;#imwithyou
14;#trumpwon
15;#1
16;#debatenight
17;#americafirst
18;#imwithher
19;#benghazi
20;#isis
21;#debate
22;#debate
23;#maga
24;#debatenight
25;#tpp
26;#trumppence16
27;#polls
28;#slipping
29;#trumptrain
30;#trumptrain
31;#declareyourambition
32;#opioidawarenessweek
33;#makeamericagreatagain
34;#ada
35;#cripthevote
36;#terencecrutcher
37;#unga
38;#thedonalds
39;#jimmyfallon
40;#thetonightshow
41;#myteacherisweird
42;#fallontonight
43;#hispanicheritagemonth
44;#lesm
45;#librarianofcongress
46;#wetrumphate
47;#election2016
48;#potus
49;#commanderinchiefforum
50;#nbcnewsforum
51;#media
52;#votetrump
53;#laborday
54;#alconvention2016
55;#trumpineverett
56;#obamacare
57;#rip
58;#juangabriel
59;#divodejuarez
60;#goodtrouble
61;#trumppence2016
62;#neverhillary
63;#blackmenforbernie
64;#hillary2016
65;#blacksfortrump
66;#enjoy
67;#womensequalityday
68;#crookedhillary
69;#flashbackfriday
70;#nps100
71;#crookedhillarys
72;#brexit
73;#hannity
74;#buildthewall
75;#makeamericasafeagain
76;#diwali
77;#blackwomensequalpay
78;#laflood
79;#smallbiz
80;#teamtrump
81;#alwaystrump
82;#standwithlouisiana
83;#whereshillary
84;#whd
85;#rosanelleaton
86;#lawandorder
87;#daca
88;#extremevetting
89;#usa
90;#youthday
91;#tbt
92;#electionday
93;#2a
94;#defendthesecond
95;#scotus
96;#taxplan
97;#nevertrump
98;#icymi
99;#purpleheartday
100;#imwithhernandez
101;#virwinia
102;#demconvention
103;#restorethevra
104;#ugpride2016
105;#teamusa
106;#openingceremony
107;#rio2016
108;#nabjnahj16
109;#coastguardday
110;#trumpmovement
111;#voterfraud
112;#msm
113;#khizrkhan
114;#trump2016
115;#demsinphilly
116;#dnc
117;#nato
118;#stopgunviolence
119;#enough
120;#lgbt
121;#pulse
122;#dncinphl
123;#demsinphl
124;#wemadehistory
125;#rollcallvote
126;#rncincle
127;#hillarykaine2016
128;#clintonkaine
129;#rncwithbernie
130;#trumpiswithyou
131;#standtogether
132;#trumpyourself
133;#gopincle
134;#gopconvention
135;#citizensunited
136;#rncincles
137;#aidsfreegeneration
138;#60minutes
139;#campaignfinance
140;#turkey
141;#mikepence
142;#juntossepuede
143;#irandeal
144;#fixdemocracyfirst
145;#feelthebern
146;#naacp107
147;#work
148;#orlando
149;#stopthehate
150;#neverforget
151;#srebrenica
152;#wimbledon
153;#philandocastile
154;#frozen
155;#firstinpotus
156;#riggedsystem
157;#leadright2016
158;#wcs16
159;#makersandtakers
160;#wakeupamerica
161;#creatorsaskhrc
162;#upupup
163;#trump
164;#turnuptovote
165;#ohhillyes
166;#dtmag
167;#usmc2016
168;#nycpride
169;#demplatform
170;#westvirginia
171;#brexitvote
172;#democraticsitin
173;#titleix
174;#clinton
175;#nobillnobreak
176;#gunviolence
177;#sitin
178;#aslongasittakes
179;#nomoresilence
180;#disarmhate
181;#endgunviolence
182;#notonemore
183;#holdthefloor
184;#olmstead
185;#gibill
186;#veterans
187;#moreincommon
188;#worldrefugeeday
189;#laudatosi
190;#charleston9
191;#trumpdallas
192;#sheswithus
193;#orlandounited
194;#filibuster
195;#armybday
196;#netneutrality
197;#stanleycup
198;#rtm2016
199;#wibackher
200;#historymade
201;#caprimary
202;#dday
203;#decision2016
204;#elkhart
205;#votetrump2016
206;#women4ttump
207;#saveelephants
208;#teachers4trump
209;#ca4trump
210;#neverdems
211;#caribbean
212;#understandslavery
213;#memorialday
214;#mdw
215;#meetthetrumps
216;#sallyrideday
217;#uaw
218;#actonclimate
219;#armedforcesday
220;#michaelbrown
221;#mothersofthemovement
222;#changeagents
223;#secondamendment
224;#sayhername
225;#megynkellypresents
226;#orprimary
227;#madeinamerica
228;#internationalnursesday
229;#washingtondc
230;#statehood
231;#repmikekelly
232;#nebraskaprimary
233;#trumpforpresident
234;#mattschlapp
235;#jenniferrubin
236;#gop
237;#mothersday
238;#madeforhistory
239;#kentuckyderby
240;#cincodemayo
241;#smallbizweek
242;#thanksobama
243;#teacherappreciationday
244;#inprimary
245;#apahm
246;#whcd
247;#fns
248;#mayday
249;#womancard
250;#hillaryoncnn
251;#indprimary
252;#indiana
253;#estoyconella
254;#msnbctownhall
255;#ctprimary
256;#deprimary
257;#mdprimary
258;#paprimary
259;#riprimary
260;#nyprimary
261;#earthday
262;#prince
263;#hillaryclinton
264;#hillaryongma
265;#trump360
266;#primaryday
267;#newyorkvalues
268;#votetrumpny
269;#votetrumpny
270;#ivoted
271;#fightforfamilies
272;#eastvillage
273;#lssc
274;#houstonflood
275;#hrc4pa
276;#presidenttrump
277;#primary
278;#haileypuckett
280;#newday
281;#wiprimary
282;#wisconsin
283;#donaldtrump
284;#votetrumpwi
285;#racine
286;#wausau
287;#eauclaire
288;#johnryder
290;#women4trump
291;#derp
292;#lyingted
293;#nevercruz
294;#westerntuesday
295;#utahcaucus
296;#utcaucus
297;#arizonaprimary
298;#azprimary
299;#americansamoa
300;#brussels
301;#arizona
302;#aipac2016
303;#wattersworld
304;#trumpcountry
305;#utah
306;#mormon
307;#utahprimary
308;#utah4trump
309;#az
310;#ut
311;#supertuesday
312;#supertuesday
313;#cnn
314;#go
315;#endcommoncore
316;#gopdebate
317;#donald
318;#lightweightsenatormarcorubio
319;#trumpwaikiki
320;#mahalo
321;#mediafraud
322;#msprimary
323;#trumpdog
324;#supersaturday
325;#littlemarco
326;#kansascaucus
327;#caucusfortrump
328;#votetrumpmi
329;#morningjoe
330;#kenlangone
331;#neilcavuto
332;#fox
333;#ontherecord
334;#fail
335;#politician
336;#nascar
337;#robotrubio
338;#stopcommoncore
339;#rogerstone
340;#greta
341;#lonestarstate
342;#makeyoutubegreatagain
343;#noloyalty
344;#nvcaucus
345;#votetrumpnv
346;#nevadacaucus
347;#trumplv
348;#trumpnv
349;#votetrumpvt
350;#votetrumpnc
351;#votetrumpma
352;#votetrumpil
353;#bikersfortrump
354;#scprimary
355;#watch
356;#fairandbalancedmyass
357;#ted
358;#southcarolina
359;#votetrumpsc
360;#vaticanwalls
361;#colbert
362;#maitnerstrong
363;#ford
364;#carrier
365;#jobs
366;#mexico
367;#southcarolinaprimary
368;#fitn
369;#nhprimary
370;#votetrumpnh
371;#commoncore
372;#superbowlsunday
373;#sb50
374;#gplfers
375;#trumpsupporters
376;#newhampshire
377;#nhpolitics
378;#votersspeak
379;#cruzfraud
380;#iacaucus
381;#thankavet
382;#trump4vets
383;#michaelmoore
384;#foxnews
385;#rogerailes
386;#iowa
387;#yuge
388;#iowacaucus
389;#newyork
390;#jonas
391;#wearebernie
392;#wewanttrump
393;#with
394;#americagreatagain
395;#excellent
396;#rnc
397;#marybrigidmcmanamon
398;#commonlaw
399;#naturalborn
400;#tedcruz
401;#cruz
402;#laurencetribe
403;#economy
404;#cbnnews
405;#2016
406;#harveypitt
407;#iapolitics
408;#sotu
409;#goldenglobe
410;#laurence
411;#rubio
412;#bush
414;#davidcameron
416;#trump4president